Model,Train Accuracy,Test Accuracy
Logistic Regression,0.8030222222222222,0.7938877043354655
Random Forest,0.9927111111111111,0.7938877043354655
XGBoost,0.8992,0.7818052594171997
